epoch,train_loss,val_loss,elapsed,train_mu_mae,train_alpha_mae,train_gap_mae,val_mu_mae,val_alpha_mae,val_gap_mae,test_mu_mae,test_alpha_mae,test_gap_mae,test_loss
1,1.5233062880386539,1.3857235028429846,17.373371124267578,0.9280314747124979,3.0141706426615458,0.0354950431055228,0.8820144938480738,2.426980137942709,0.03249644886113998,,,,
2,1.406767464722418,1.3620597163616461,13.565906763076782,0.8931477130120294,2.6394520556664203,0.03219195516840025,0.8793985564783036,2.488475488319963,0.030974288147882407,,,,
3,1.3829498999064211,1.3310612683241592,13.490037202835083,0.8844854076651164,2.6345365654553277,0.031213360470477614,0.8698952867606141,2.389686311103987,0.03009940801566175,,,,
4,1.3689229680107458,1.3274335343104369,13.451840877532959,0.8810941642684895,2.611913310058361,0.030673865877667426,0.8661020880469142,2.405762886676783,0.02995576208598311,,,,
5,1.3602245761818519,1.3207638738903564,14.070858001708984,0.8786393921781003,2.6079030785196027,0.030301867932348604,0.8650084636598265,2.4216638014618685,0.029546837620472086,,,,
6,1.3540274621594972,1.3237790033789867,13.12366533279419,0.8762041140908893,2.601947795295608,0.030077259293061657,0.867239231839846,2.4640104140040493,0.029420505245675715,,,,
7,1.3486814381577352,1.3189077412466568,13.253668308258057,0.8754707833405891,2.590723812624611,0.029864401580647244,0.8634758632124933,2.448439577133451,0.029365581989565286,,,,
8,1.3433926994410728,1.3066045026844615,13.129300832748413,0.8727502425633048,2.589441784537599,0.029676964896521916,0.8613275382236532,2.384659318560973,0.029082587161490123,,,,
9,1.339221007841024,1.3056783225118287,13.21056342124939,0.8715069286351608,2.595567565282857,0.029460617647013652,0.8606008127259644,2.4245618597837475,0.028857763607095223,,,,
10,1.337303481711898,1.3054451481660545,13.132271528244019,0.8721361959710912,2.5951089516496224,0.0293340324768404,0.8590711641668856,2.433780171084146,0.028854150455721823,,,,
11,1.3327092916575352,1.299825910455107,13.201287984848022,0.8709685561588735,2.5842665484013017,0.029176599248930842,0.860011993450627,2.376804985545516,0.028794721664252405,,,,
12,1.3303200551221486,1.2984559210607187,13.1547532081604,0.8699790572170197,2.5847995488298205,0.02907766269028849,0.8610238673964217,2.3986734482745002,0.028572665131615233,,,,
13,1.3289741148638288,1.3015836088821096,13.976224184036255,0.869575391354881,2.578988308084566,0.029046976747697992,0.8577405738807469,2.4581491415243004,0.02856670696801984,,,,
14,1.3267276989978427,1.2951272707933639,13.16077184677124,0.8692405448295734,2.5759185125809796,0.02895025034612993,0.8587813783787713,2.4071757699327856,0.02842727663280413,,,,
15,1.324479072691529,1.2903688360562287,13.21021032333374,0.8683803038702058,2.572846162928459,0.0288724698349103,0.8566152031346806,2.388809846020371,0.02833467346035467,,,,
16,1.3231558215933474,1.296223189080227,13.124760866165161,0.8684868546018529,2.567611875475388,0.028821643367726003,0.8577512330067807,2.4065643305480022,0.02852831824541095,,,,
17,1.3231120770147473,1.2929186763871474,13.131967306137085,0.8676234172545428,2.5750595500866815,0.028813218434777015,0.8569141082844853,2.4109709512718385,0.028353819396425332,,,,
18,1.321381193785201,1.2912891078526114,13.14901876449585,0.8674865836365655,2.571137321628439,0.028742097173528772,0.8572128922988174,2.391428021692115,0.028350778683757433,,,,
19,1.3203651175532476,1.289059591180346,13.280029773712158,0.8669328984746232,2.565358599104233,0.028734934701322594,0.8560819559488161,2.3974252879728466,0.028238423628504615,,,,
20,1.319612468630584,1.286752968680831,13.108099937438965,0.8673444181132861,2.5682590068834603,0.028663845657618682,0.8553897977616796,2.3765646606005504,0.028240476522116364,,,,
21,1.3178203544424096,1.2897312807272951,13.989692687988281,0.8663397862063064,2.5595831489240513,0.02864463064829068,0.8560694371873631,2.4027512482278124,0.028249342384854687,,,,
22,1.316381397307808,1.2853245745202115,13.068878173828125,0.8656776025704193,2.554236186328706,0.028615849349352452,0.855023687933895,2.3881473638889332,0.02811670802756515,,,,
23,1.3161321918970696,1.289544217344768,13.144833087921143,0.8656825969485088,2.5567810173984675,0.028589132190512265,0.8559133018022959,2.413641377645731,0.028190087961043928,,,,
24,1.3150417013652578,1.2844099264781166,13.162110328674316,0.865611425409737,2.5506502390209422,0.02856211772564411,0.8538381483052921,2.386214845906819,0.028118797298893203,,,,
25,1.3150715301874256,1.282312789438578,13.09020709991455,0.8654176190799007,2.557660677793695,0.028535667682023126,0.8542484910181705,2.357588653212657,0.02813136521819717,,,,
26,1.3138265990989089,1.2918869561984743,13.142938613891602,0.8645326560574134,2.554286127237922,0.02851581375190585,0.8584716945059792,2.441388668498229,0.02808784112976435,,,,
27,1.3131864360208203,1.2826832895550928,13.083627223968506,0.8652679195086315,2.54588467336003,0.028495838509723523,0.8550050614401055,2.368515730630953,0.02806966296644175,,,,
28,1.312420437448849,1.2786201573303293,13.084367275238037,0.8645276401873297,2.5477987959121537,0.028470726569618476,0.8537545760581976,2.3523665811877006,0.02797120044897704,,,,
29,1.3119195606384242,1.2795145999833875,14.160025358200073,0.8648855286337206,2.544477422560622,0.02844668578616461,0.8544115028326854,2.374514347321602,0.027885865060345995,,,,
30,1.3097483616649126,1.2802310419787646,13.168984174728394,0.8646252276029998,2.5358717625511122,0.02837915666488322,0.8536705486996862,2.3973454367215856,0.027837959086510416,,,,
31,1.3094038888657136,1.2772681692948658,13.145979166030884,0.8648028202079482,2.54142100796455,0.028325855114013195,0.8531294688185194,2.3636303608807205,0.027862648214891456,,,,
32,1.3082136574793533,1.2731625268856195,13.119515419006348,0.8641606660545441,2.5414609806709887,0.0282831109155942,0.8525076921612352,2.351163793800084,0.027720578142202322,,,,
33,1.3063613439482624,1.2706638774979166,13.092918157577515,0.8635705025800438,2.54164815982811,0.028201122396568898,0.8522746199002216,2.3539378574771694,0.027576927190406813,,,,
34,1.3043142440813176,1.2703221156812876,13.136940479278564,0.8633450418097424,2.533363566442431,0.028137584717490886,0.8533936642062901,2.368718075877017,0.02744337434446842,,,,
35,1.3040459988279236,1.270313924357693,13.03529977798462,0.8631502625364996,2.53853793457963,0.028103883175712274,0.8538471203134256,2.3518245577629764,0.02751112857508643,,,,
36,1.302979439357051,1.267372688699782,13.179917097091675,0.8637646491609221,2.5344172933627838,0.028043256138170897,0.8520574171254057,2.35286858742156,0.02740812066628166,,,,
37,1.3013362019118961,1.2697158913395332,13.999461889266968,0.863144203549641,2.5327785106479173,0.027983079970264176,0.8541807048083434,2.3873531167702664,0.027287919105284334,,,,
38,1.301455865897835,1.2728734836971711,13.190961599349976,0.8629665047160732,2.5363349244016455,0.027978322547007897,0.8536585951466259,2.393734791215636,0.02744952796861333,,,,
39,1.299481583447202,1.2672720883513695,13.186649799346924,0.8623300022358585,2.5282141216448704,0.02793289953369521,0.8516188851965611,2.3731360960355095,0.027316900732537015,,,,
40,1.2970669669603554,1.265260265583158,13.052350044250488,0.8615378195302366,2.526308637687115,0.02783762200828094,0.8517905178970361,2.359871730191478,0.027265866942201306,,,,
41,1.2982201282459465,1.2693691448803543,13.061306953430176,0.8620203693826212,2.539430858809924,0.027818149271884564,0.8521939467995684,2.372830076288152,0.027413570499928985,,,,
42,1.2982535165036329,1.2633366573287674,13.15961766242981,0.8619289098785418,2.5334948150647736,0.0278530580812039,0.8526852746621144,2.350280553101022,0.027175079856358277,,,,
43,1.2975718838066526,1.2644718566316075,13.253939628601074,0.8622214903711612,2.528676869040785,0.027828887657243083,0.8515429789135233,2.3766999694586284,0.02714690942692958,,,,
44,1.2963558946788871,1.262232603172668,13.110958814620972,0.862229328265177,2.5262454305478044,0.02777352923938695,0.8500641288149626,2.362957169751033,0.02714555397232143,,,,
45,1.2978345493123624,1.2590480596893732,13.91180419921875,0.8617176681652706,2.531517638560252,0.027847453275670953,0.8504777068515259,2.3333703491143662,0.027102670079908985,,,,
46,1.2944280623177422,1.2611665343708056,13.098655939102173,0.861682527084608,2.511151781808194,0.027762362733207473,0.8512474744824218,2.3490660812845703,0.02711327754905604,,,,
47,1.2958140517005228,1.2601760434640645,13.048829793930054,0.8618351443551522,2.5276659324943673,0.027750736569286803,0.8501039270226816,2.355179621682866,0.027069331715721578,,,,
48,1.2950594150471975,1.2703334877175805,13.061185598373413,0.8614373200758995,2.524291875472541,0.027740332225635957,0.8525168922762295,2.446428673343985,0.02708639566608525,,,,
49,1.294498164647467,1.2610311583033929,13.045313835144043,0.8613275257457151,2.5203559900533095,0.027732992922429898,0.8511414164342102,2.364423757186263,0.02703267938348054,,,,
50,1.2932496979265982,1.2633105143908363,12.97166109085083,0.8613523355583705,2.5134772339679143,0.02769750796918535,0.8529973818001092,2.37005119103755,0.027063244576983607,,,,
51,1.2926788918904917,1.256431701000065,13.08800458908081,0.8610630613465738,2.511763143469402,0.027685016599507218,0.8493837138900235,2.326700520514265,0.02703105506298278,,,,
52,1.292048243152933,1.2675245166731157,14.018439769744873,0.8607896442718975,2.5149956433948386,0.027643852627854505,0.8489581926054979,2.455880831679346,0.02701272820348509,,,,
53,1.2920389015501306,1.2661592197623006,13.044028997421265,0.861626833161103,2.511076147959414,0.02763261339737123,0.8526432498575608,2.3943328993479476,0.02711197945126607,,,,
54,1.2912402825815028,1.255266364146157,13.066471576690674,0.8609456549041635,2.510228551890622,0.027617392308911783,0.8501841912660582,2.325309173160558,0.026944538775165554,,,,
55,1.2910732631633683,1.2558678850026217,13.019026041030884,0.8611715856218715,2.5150014307258504,0.02757604346016268,0.85121066098163,2.331839155578811,0.02690786060914798,,,,
56,1.289887316479423,1.2554012379479995,13.031620740890503,0.8604353442970638,2.5098300795679487,0.027563062349615683,0.8491445355727506,2.3409666649185494,0.026911245140575725,,,,
57,1.2890319808109685,1.2519514372222615,13.231842517852783,0.860749022122609,2.506964954415106,0.027518733043818078,0.8495549333894712,2.318748934404185,0.02681687973285584,,,,
58,1.2891354855625878,1.2557471072932143,13.038946151733398,0.8602429199793822,2.506979805716904,0.027542738421371674,0.8491560578892072,2.360159609241512,0.026833782229897487,,,,
59,1.2869171128281514,1.2556574309693747,13.00387716293335,0.8606831984286546,2.4971908331601442,0.027453121623186298,0.8503271043087303,2.3486883236235903,0.02684383304464065,,,,
60,1.2879663796146907,1.2507589074094363,13.961039781570435,0.8608753368225651,2.498582321309823,0.02749721710617768,0.8491385839131034,2.319900792137141,0.02676024686007406,,,,
61,1.2877404996964419,1.2572047998967326,13.137760877609253,0.8606827312495798,2.509323903919572,0.027437882786768796,0.8500883936706944,2.3839437482022414,0.026761413494903553,,,,
62,1.2868753034484774,1.2532226087581302,13.076966047286987,0.8600885945083404,2.5050604121874205,0.02743293961753112,0.8505783851939858,2.3342396107926127,0.026772447758976154,,,,
63,1.2869316956720092,1.2493830091327012,13.101570844650269,0.8599115032152957,2.515813600799048,0.027388597573239616,0.8498075137557308,2.320973216489854,0.02665451007852001,,,,
64,1.2872229845136642,1.2531693972198104,13.192026376724243,0.8597457367720255,2.5163359337707236,0.02740810359059011,0.8492187751674927,2.351836057354739,0.026730638592769564,,,,
65,1.2840085697672203,1.2516360545509122,13.093506336212158,0.859347780784614,2.4994016993908854,0.027329599296896677,0.8497744597957666,2.3312947820238894,0.026728606075476936,,,,
66,1.2848958791725245,1.2510035108730213,13.278149843215942,0.8597921390363471,2.5008422788091313,0.027355343381087905,0.8498296527482653,2.334130351185746,0.026677408739435252,,,,
67,1.2844184537392103,1.2488843246668426,13.053580284118652,0.859729573183477,2.496895608494293,0.027350981835765436,0.8486648351101177,2.332586982328247,0.026610172346420796,,,,
68,1.2855638715089441,1.2496997874316396,13.831112623214722,0.8603404352565983,2.502574126645091,0.02736372722446165,0.8477038476468471,2.331923264255939,0.026693455260183546,,,,
69,1.2836255688386984,1.2516217377665202,13.045198678970337,0.8598919243449276,2.4949305521246044,0.027311084848553675,0.8473801567011068,2.3478410496035917,0.026731737209512028,,,,
70,1.2838600435927683,1.2495565558901636,13.091793775558472,0.8600942910677116,2.494288853501729,0.027319929964965597,0.8486269352781153,2.325261634594421,0.02668543576300637,,,,
71,1.2838032266688106,1.2473879560122763,13.028825044631958,0.8592316186361942,2.5019035971036785,0.027309917274745042,0.848498574809728,2.317026739454272,0.02661140741941406,,,,
72,1.282464873673564,1.2531232570942177,13.046687364578247,0.8591778745351896,2.4944579120796355,0.02727515054574913,0.8487878333794292,2.365268023197558,0.026676409924363754,,,,
73,1.2818883297848147,1.25608217254551,13.083681583404541,0.8591526370426666,2.4936924832183647,0.027248011483904436,0.8492864949017515,2.3911745149550097,0.02669216856855498,,,,
74,1.2828654447647,1.2478540036351942,13.05517864227295,0.8595219461723229,2.4967657511876427,0.027273263571842735,0.8487655861734367,2.3346036604092575,0.026539423982136715,,,,
75,1.281782381283584,1.24840289952813,13.13156270980835,0.8594719145194185,2.4954989816807904,0.027221519668118754,0.8495305613343135,2.3440864117517344,0.026494522311391815,,,,
76,1.2823372128019168,1.2451771126157376,13.928236246109009,0.8599296653485435,2.4969175286039786,0.027228498291836493,0.8482100596409513,2.3250101563189847,0.026459581417319345,,,,
77,1.281667156224867,1.249373458279152,13.12881350517273,0.8594084014899228,2.489714438945426,0.027246436008358455,0.84973324488536,2.3499583664183827,0.0265114301125631,,,,
78,1.2800837642881135,1.2456672492408973,13.021942853927612,0.8591471984133363,2.487468628372785,0.02717958309535278,0.8489895558785876,2.314331936855074,0.026511929643335767,,,,
79,1.2805458961441398,1.2477446793833131,13.166553735733032,0.8591394976703575,2.490829714274501,0.027188581542033602,0.8476848752428332,2.3449474132125148,0.02652073901570727,,,,
80,1.2804005336054736,1.245609713087973,13.075103044509888,0.8590830960778228,2.499200260641471,0.027140642067252953,0.8495677253974827,2.322041105810944,0.026449147767896784,,,,
81,1.2801725159936703,1.2482972535863648,13.0145845413208,0.858837162622358,2.4882073339101307,0.027192034682535757,0.8501908002966435,2.322615443901042,0.026572324422698385,,,,
82,1.2792331143090732,1.2457525972353245,13.056074619293213,0.8589015261829147,2.491878863763507,0.027119342727740994,0.8489156787983417,2.3207180906320164,0.026487329044413453,,,,
83,1.2752933858553328,1.2430541648789184,13.137999057769775,0.8577523666399619,2.467957789908967,0.02706297529603317,0.8475837029142274,2.311382415549814,0.026433162003107868,,,,
84,1.2748784094135506,1.2421175730545029,14.066785097122192,0.8575003014240168,2.4661974296733535,0.027057985141654067,0.8468172535036909,2.3202541582163145,0.026364699746973322,,,,
85,1.2747176555015944,1.2421919226296274,13.108605146408081,0.8576156217292371,2.4671186104472107,0.02704029509175822,0.8476920553368636,2.311660346712042,0.026380148349019864,,,,
86,1.2753174715846303,1.241576255312346,13.021526575088501,0.8574423660068347,2.469210954913008,0.027069271012938302,0.8474412547041829,2.302747769885292,0.026399851022020165,,,,
87,1.274778862042116,1.241880204047668,13.047584772109985,0.8575892079049576,2.468256356348178,0.027038937404625443,0.8473850136881443,2.297649694847297,0.02644424880794328,,,,
88,1.2724770208613578,1.2411677703197377,13.046026945114136,0.8567856912464682,2.45521625544591,0.02700610424705297,0.8472331633998492,2.3037642322794416,0.026379711080680726,,,,
89,1.2738220702199612,1.2417579832744132,13.103164911270142,0.8571747746866006,2.460556787144996,0.027039628805441508,0.8477132989146717,2.307715825836933,0.026375141515595932,,,,
90,1.2727528515925877,1.2393192314422512,13.137953281402588,0.8570687583500226,2.4600361512375986,0.02698694240111127,0.8466115859574154,2.3000157781601094,0.026318792305960674,,,,
91,1.2728571751113542,1.240053530887101,13.127552270889282,0.8568234573213801,2.4606880172573597,0.026998342582510992,0.8471762934359345,2.303077317745975,0.026323585364924,,,,
92,1.2719581912700673,1.2419698938036645,14.03315281867981,0.8564041876607101,2.456199025886822,0.026986318873513073,0.8472926265189024,2.3129509934881405,0.02637588650542821,,,,
93,1.2734538990387196,1.2423022474801015,13.09653615951538,0.8575451675870901,2.4617081974347754,0.027000061619067386,0.8473150041503297,2.3025837682480694,0.02644540783017506,,,,
94,1.2726279475601652,1.2405909950831933,13.026965618133545,0.8569907708042482,2.4618373668269653,0.026973836447779675,0.8475462530868842,2.3026741364692285,0.0263419158245671,,,,
95,1.2729304091073579,1.240219809942857,13.04720139503479,0.8570070501393728,2.4595678686903657,0.027001347949213043,0.8466056724823157,2.304664887177095,0.02634552244757936,,,,
96,1.2728605205022658,1.2412434417456308,13.050283908843994,0.8571239544842866,2.4585527243700436,0.02699832929655483,0.8474166611541546,2.3046871911898568,0.026372617023624655,,,,
97,1.2714602512650777,1.2389737811111865,13.005065202713013,0.8565843037088018,2.4538967663234805,0.026963781144449726,0.8469614439058699,2.297756796411167,0.02629831568762559,,,,
98,1.2699591509095984,1.2387162877128397,13.20483946800232,0.8559418635091536,2.4510813165789203,0.02691816092888173,0.8463132139969338,2.29776855213489,0.026307523797824372,,,,
99,1.271027394487618,1.2422769006012329,13.091826438903809,0.8562661691992844,2.4454174948504526,0.026993866555109686,0.8470299416639824,2.3112326822411764,0.02641100508308516,,,,
100,1.2717647023590637,1.2384480146274943,13.979400873184204,0.8562345556585591,2.4558383173911467,0.02698357609441285,0.8461866897864221,2.297670922786867,0.026297763384006575,,,,
101,1.2709513275455155,1.2381577118396312,13.109091997146606,0.8564048045617773,2.448051358726753,0.02697143287514929,0.8461648974763138,2.2934125715990543,0.02630383475669515,,,,
102,1.2703883549145858,1.2387048692362985,13.058424234390259,0.8562722673793517,2.4480170401220005,0.026945272834101926,0.846226541713206,2.302541693377284,0.026286118034766794,,,,
103,1.269059832588949,1.2379163244184068,12.988667964935303,0.8558998814083029,2.446802261603729,0.02689138300421314,0.8463129203347474,2.293180605210244,0.026286277600157226,,,,
104,1.2690561566076533,1.23927665702028,13.025022268295288,0.8557537876835783,2.442918053605341,0.026915941625625897,0.8459396996433434,2.3009248730542775,0.02633624944515729,,,,
105,1.268632896280615,1.2378839813586595,13.07798147201538,0.8554680894327003,2.442330996622108,0.026905833755827745,0.8459463049607759,2.300232074156197,0.026262450588421752,,,,
106,1.2689604435328472,1.2384615887857386,13.051213026046753,0.8561886991671613,2.4437816514912556,0.026890546902097932,0.8465111510636052,2.3002364377946747,0.026273891440519927,,,,
107,1.2687928660952215,1.2373230210936905,13.954688787460327,0.8560720217945635,2.4459082392309615,0.02687485326015152,0.8459681527817002,2.292708885868616,0.026268328482511986,,,,
108,1.2692605044387284,1.2380122681866808,13.002130031585693,0.8559208055982,2.4457455587579218,0.0269070184386222,0.8468638708239459,2.2925729559564445,0.02627464747675653,,,,
109,1.2695443508319224,1.2391728289480912,12.935903549194336,0.856155138517835,2.446482676343057,0.026910526304352117,0.846485231898715,2.3033663847606864,0.026298486915260103,,,,
110,1.26881958655188,1.2396592167656437,12.992835521697998,0.8553293142630138,2.4508712388460188,0.026878398111863093,0.8462760005871388,2.3179125336460933,0.026260088025479397,,,,
111,1.2696239054771263,1.2379868626123756,13.07546353340149,0.8560262563307858,2.4486863841024125,0.026908558000354233,0.8459659665565521,2.2941057433844048,0.026298126576501175,,,,
112,1.2689068995413728,1.2379735500795934,13.412208795547485,0.8560518591838965,2.4448110712194424,0.02688738974146472,0.8460338895676749,2.2992063090856205,0.02626936791036472,,,,
113,1.268514347216322,1.2377567249418524,13.418901920318604,0.8556652140151899,2.445943139283965,0.026874026880103145,0.8460748648367421,2.3013742070222305,0.02624502587044113,,,,
114,1.267254482104854,1.238212352085721,13.049804449081421,0.8553163923899338,2.437923353374176,0.026857179808994668,0.8460915361964121,2.3056032006318157,0.026248431860769455,,,,
115,1.2663946119625604,1.2388865711079091,14.016618013381958,0.855186980438988,2.4356010626324864,0.026825949562110783,0.8457439723503921,2.3079070916838242,0.026286783728070147,,,,
116,1.2666399497051601,1.238036469327572,13.071537971496582,0.8552676432080334,2.4400108681127133,0.026814496549953507,0.8459742836797262,2.3088567624847953,0.02622665203181818,,,,
117,1.2688948818601948,1.2381580568827604,13.109137058258057,0.8555002239560427,2.445146044846378,0.026905053264283763,0.8458713537246944,2.291395453431737,0.02632460841116344,,,,
118,1.2663345526787717,1.2367818938615958,13.132168054580688,0.8552155295856999,2.4348979764289416,0.026825115144183634,0.8457835144441732,2.2952233086558835,0.026232494887637823,,,,
119,1.2667461075609798,1.2364801593724752,13.177358150482178,0.8551262641296871,2.437619967229162,0.0268374767986596,0.8459654565746638,2.2938940445815503,0.026215867592256206,,,,
120,1.2688729887681334,1.2363309434196195,13.167888402938843,0.8561130224737846,2.4459959176027413,0.02687735878683288,0.8458188508943032,2.2931297830805146,0.02621676145673987,,,,
121,1.2675879030260673,1.2364251350623254,13.08290719985962,0.8555104479270095,2.437534275911316,0.026870533518025763,0.845541584600673,2.29280256427346,0.026233666160690054,,,,
122,1.2677156654922195,1.2357961214141302,13.029009342193604,0.8550203330843572,2.4443102491621853,0.026861421609323012,0.8460416833785013,2.2897152093177477,0.026196208079990787,,,,
123,1.2662416661410103,1.2361226637862939,14.019583940505981,0.8545410045897018,2.4350017931543086,0.02684392082812875,0.8455795648641516,2.2898967984357426,0.026230119329947954,,,,
124,1.2669721102052964,1.2358748385176146,13.085624694824219,0.8549411687474603,2.4419876782022025,0.026834803474594125,0.845794765176172,2.2899578904719546,0.02620830178139796,,,,
125,1.267953773128112,1.2370184771475683,12.957340478897095,0.8551482641326127,2.4427155382606154,0.02687794293974261,0.8457640817022652,2.298372009461139,0.02623050723478846,,,,
126,1.2665353369617351,1.237729627033468,13.06324577331543,0.8553299118008374,2.4373674484029033,0.02681969833502804,0.8458874025193373,2.299372541075863,0.026260356255484004,,,,
127,1.2666533654950531,1.236676473327019,12.998185634613037,0.8554347434697691,2.4366120926239874,0.026826209415757363,0.84599825790838,2.2986638326043938,0.0262016350662821,,,,
128,1.2670546792861832,1.2382569125028544,12.975410461425781,0.8554869113241166,2.438514377700941,0.02683698276220091,0.8457202066234244,2.320224173940428,0.026191097248358303,,,,
129,1.2660021213720083,1.2361749108692628,13.106068134307861,0.854379804992504,2.4345091571348156,0.026838986238761277,0.8455289557628407,2.292273775289635,0.026222933564169045,,,,
130,1.2660944954553945,1.2359826927530617,13.085087537765503,0.8543639009401215,2.441607949506633,0.026809100292464298,0.8456212834443992,2.296033573178882,0.02619011294453109,,,,
131,1.265095338602622,1.2352965597033694,13.914378643035889,0.8548626628976606,2.4326146571351077,0.026780811500680946,0.8455716264141526,2.2907919120640274,0.026180228946593765,,,,
132,1.2654880905116355,1.2367641392556608,13.038613080978394,0.8550206941061631,2.4310181797310966,0.02680480380535341,0.8458298784064365,2.3010180674865897,0.026200794015516872,,,,
133,1.265082585844201,1.2352538026114197,13.136913299560547,0.8543953803967848,2.434221670503326,0.026789000794335816,0.8454709547053834,2.2890797553313367,0.026190094222680756,,,,
134,1.2664591702986343,1.2361409800844272,13.02471399307251,0.8550831631913635,2.4333763382834013,0.026844433568101775,0.8455226426479694,2.2925557100967646,0.02621987295134868,,,,
135,1.2658641697337805,1.2380659064129873,12.942330121994019,0.8548620626326974,2.433653349069126,0.026818154023075625,0.8456777083136378,2.3134063888015133,0.02621623764385858,,,,
136,1.2659201134132627,1.2396890639570262,13.10813570022583,0.854859668500478,2.4339454547330717,0.02681987116047253,0.8462838902793645,2.2970932183804975,0.02636577829786817,,,,
137,1.2665329414635553,1.2361388494530348,13.083969354629517,0.8554030574893726,2.4340275569982572,0.026833648893109803,0.8457610716266941,2.2984441048025457,0.0261816010713105,,,,
138,1.26647233795449,1.2363305367415742,12.99351716041565,0.8552487045564202,2.435993626644333,0.026826042975173523,0.8455318478338604,2.2989882568548725,0.026197791557646684,,,,
139,1.2668785120256716,1.2363930734599655,14.035567283630371,0.8547436910983949,2.4353320988176868,0.026870139656632926,0.8456148161168171,2.287531215002196,0.026255651522975272,,,,
140,1.2644234682147049,1.2350838373142492,13.031596183776855,0.8545335487552693,2.429620486166466,0.026770589174250212,0.8453763407566925,2.289511259595386,0.026181962438445956,,,,
141,1.2664974548625683,1.2377584829243113,12.997067213058472,0.8549977982244222,2.433344876256526,0.026849804647269118,0.845991902969185,2.311103131579595,0.02619938073698103,,,,
142,1.2643860461051146,1.234809940342207,13.062454223632812,0.8544444499740171,2.431071670232383,0.026764478960012474,0.8454717734435319,2.2893905056048434,0.026163957002611565,,,,
143,1.2662616610004045,1.235221836974686,12.95726728439331,0.8551465932845504,2.4351192805885384,0.026822474604824342,0.8455401489723262,2.289698968645368,0.026182713917652284,,,,
144,1.264309308728726,1.2356066674901802,13.115745306015015,0.8544565424240606,2.432281326560741,0.026753734334046212,0.8457266661072449,2.293308875164946,0.026179146063488076,,,,
145,1.2646672119432312,1.2350803076729533,13.570885419845581,0.8543796179611074,2.434991811769314,0.026762738191699522,0.8457327620068148,2.288659065616103,0.026173110655887084,,,,
146,1.265032727822378,1.2350264761456968,13.60287618637085,0.8544227564405411,2.436180813814795,0.026775433026894082,0.845554412420904,2.287833692602964,0.026180738406845705,,,,
147,1.26598819626202,1.2352065239965064,14.563515424728394,0.8554963001253769,2.433501064139264,0.026802774699426546,0.8456705554473104,2.2928445574008167,0.026161374814570034,,,,
148,1.2655127284390935,1.2357975572425615,13.637784004211426,0.8549035191922126,2.4306446530653685,0.02681228801992239,0.8455729513735899,2.292013893500776,0.026201768347521512,,,,
149,1.2650015327322763,1.2347720355897394,13.556778907775879,0.8543685407205385,2.4314441193325784,0.02679940946793008,0.8455530686533206,2.2882984634912713,0.026164384422434007,,,,
150,1.2658312960283253,1.2375241319627819,13.631011724472046,0.8552051756204613,2.432652392758737,0.02680890767939618,0.8458299733359622,2.289973521733405,0.02629817068106393,,,,
151,1.2655746586723835,1.236251362915329,13.544904708862305,0.8547877606453889,2.435231654717849,0.026796926547165718,0.8456242089341619,2.297759212857674,0.026196220969132936,,,,
152,1.265917450450903,1.2359138408288401,13.555741310119629,0.8546753612822202,2.435653573184762,0.02681784898240916,0.8455236751273383,2.2945329212551555,0.02619736422949908,,,,
153,1.2647219225120188,1.2374701739216731,13.612448930740356,0.8544407456951991,2.4274056258849814,0.0268015618677186,0.8456916557324717,2.3019359589193877,0.02624025893733571,,,,
154,1.2657387802241504,1.2361838205131273,14.446066617965698,0.8547056226699364,2.4331349948026544,0.026819489402348184,0.8456572101421986,2.2942639795396937,0.026208803007281616,,,,
155,1.2648697631942543,1.2361368878270123,13.522716045379639,0.8546840502854579,2.4344130246461524,0.02676580096920912,0.8456468215119264,2.297655812110506,0.026189587098390147,,,,
156,1.2647222221612284,1.2355103247750752,13.809176445007324,0.8545407426426929,2.4300251157034145,0.026784825547720954,0.8454517192449705,2.2924228986753623,0.026188228454748132,,,,
157,1.2650719134472443,1.2353481206929466,13.549394845962524,0.8546411706353039,2.4317290773733795,0.026791986827458633,0.8454492559087602,2.294608885660961,0.026168391791108834,,,,
158,1.2644863381640636,1.2351977413387532,13.838599920272827,0.8547409971963318,2.4282344746664544,0.026773488521408127,0.8455486359089331,2.290709955088977,0.026176007322786094,,,,
159,1.265815056539231,1.2365200556901104,13.608562469482422,0.8541698865058039,2.4377277710872014,0.026820123914027914,0.8454503422484303,2.3020931251688017,0.026195671002394755,,,,
160,1.264161199097923,1.2354040188803963,13.713141441345215,0.8545279403433792,2.4322048500975124,0.026743336207200402,0.8454347617132334,2.2881363697852812,0.026204443064164216,,,,
161,1.2648037449583276,1.2351272203329433,13.563993692398071,0.8540787070482615,2.4325750449083574,0.026793313992004398,0.84545591965534,2.2865206359987194,0.026196462459324873,,,,
162,1.2643804636718508,1.2352910511154833,14.455338954925537,0.8550640009768188,2.429100178673626,0.026751579807449615,0.8454952531396687,2.2898351384708686,0.026187488197388045,,,,
163,1.2647100266550952,1.2366629749743956,13.525542974472046,0.8550778018745125,2.425603314967447,0.026786830481475916,0.8456782907193844,2.295382820880795,0.026228934161445214,,,,
164,1.2650621230959032,1.2351564512251867,13.575251340866089,0.8548440554613016,2.4338032740371127,0.026773693038921447,0.8454649409183322,2.2898685907060563,0.02618097490696559,,,,
165,1.2662038975916283,1.2350661607104534,13.555513620376587,0.8541335314198715,2.435816014174112,0.026852529881533083,0.8455076097585833,2.290923971043362,0.02616914582116526,,,,
166,1.2639898321100913,1.2363878457615793,13.652560472488403,0.8547764815361653,2.423924188590412,0.026766337968875828,0.8456714810597471,2.303217752968364,0.026174702481148542,,,,
167,1.2650922303018435,1.2379981303971819,13.49802041053772,0.8549289550950903,2.430934165010925,0.026786656433737715,0.8461191355152251,2.291632766136796,0.026305587043314576,,,,
168,1.2643804654475257,1.2354219495682266,13.592195987701416,0.8541800089602367,2.4299691435005886,0.0267792858074565,0.8454754209097077,2.287270879989116,0.026208298267686204,,,,
169,1.2659073091249577,1.23550823216419,13.540210008621216,0.8547910943737785,2.434858502590095,0.026817074711899765,0.8456697401431524,2.2941277838032237,0.026171662117341562,,,,
170,1.2655655036096143,1.2349232315146195,14.42474889755249,0.8549805588710254,2.4314106547679417,0.02680857454689215,0.8454374574607002,2.2893462233760666,0.02617168963620646,,,,
171,1.2655376225102515,1.2351853049180406,13.545116424560547,0.8543644342774355,2.4306867395555365,0.02683300556446376,0.845434941123376,2.288449864176364,0.02619076845411151,,,,
172,1.2653104794095815,1.2355706598702556,13.527586936950684,0.8547737328125258,2.4290292861640927,0.02681390314553727,0.84550792193026,2.290862252986248,0.026197347464589328,,,,
173,1.2643932825657083,1.2358179461136853,13.58705186843872,0.8543111992041356,2.4312535555666948,0.026768800751435215,0.8455143318771169,2.29456108569887,0.026192258591609428,,,,
174,1.2645980082992714,1.237814465226782,13.556258201599121,0.854142073757058,2.430535916539528,0.0267898538923079,0.8456286382449266,2.3093694436436563,0.026224338917015068,,,,
175,1.2650170789217743,1.2362163886887634,13.580775260925293,0.854550320497074,2.4337888008349364,0.026781927548007737,0.8454691404402741,2.292917205237881,0.026224172959948194,,,,
176,1.26540020390481,1.2354520630311558,13.447449922561646,0.8544748300940033,2.4321494388586795,0.026814071295697954,0.8455038332028321,2.290516400823307,0.026192669210891226,0.8512729410806785,2.2712501334887487,0.02606021970259666,1.2350948019661798
